{"cameraMode":{"drawMode":0,"name":"Shaded","section":"Shading Mode"},"sceneLighting":false,"audioPlay":false,"sceneViewState":{"showFog":true,"showMaterialUpdate":true,"showSkybox":true,"showFlares":true,"showImageEffects":true,"showParticleSystems":true},"in2DMode":false,"pivot":{"x":-14.925529479980469,"y":-1.7505207061767579,"z":10.824109077453614},"rotation":{"x":-0.08032828569412232,"y":0.9148628115653992,"z":-0.3244546353816986,"w":-0.22650094330310822},"size":37.156734466552737,"orthographic":false}