{"cameraMode":{"drawMode":0,"name":"Shaded","section":"Shading Mode"},"sceneLighting":false,"audioPlay":false,"sceneViewState":{"showFog":true,"showMaterialUpdate":true,"showSkybox":true,"showFlares":true,"showImageEffects":true,"showParticleSystems":true},"in2DMode":false,"pivot":{"x":1.634345293045044,"y":-1.223355770111084,"z":-1.33670973777771},"rotation":{"x":-0.2517743706703186,"y":0.7084786295890808,"z":-0.3052440285682678,"w":-0.5843747854232788},"size":11.60710620880127,"orthographic":false}